<?xml version="1.0" encoding="UTF-8" standalone="no"?>
<document type="com.apple.InterfaceBuilder3.CocoaTouch.Storyboard.XIB" version="3.0" toolsVersion="10116" systemVersion="15F34" targetRuntime="iOS.CocoaTouch" propertyAccessControl="none" useAutolayout="YES" launchScreen="YES" useTraitCollections="YES" initialViewController="01J-lp-oVM">
    <dependencies>
        <deployment identifier="iOS"/>
        <plugIn identifier="com.apple.InterfaceBuilder.IBCocoaTouchPlugin" version="10085"/>
    </dependencies>
    <scenes>
        <!--View Controller-->
        <scene sceneID="EHf-IW-A2E">
            <objects>
                <viewController id="01J-lp-oVM" sceneMemberID="viewController">
                    <layoutGuides>
                        <viewControllerLayoutGuide type="top" id="Llm-lL-Icb"/>
                        <viewControllerLayoutGuide type="bottom" id="xb3-aO-Qok"/>
                    </layoutGuides>
                    <view key="view" contentMode="scaleToFill" id="Ze5-6b-2t3">
                        <rect key="frame" x="0.0" y="0.0" width="600" height="600"/>
                        <autoresizingMask key="autoresizingMask" widthSizable="YES" heightSizable="YES"/>
                        <subviews>
                            <imageView userInteractionEnabled="NO" contentMode="scaleAspectFill" horizontalHuggingPriority="251" verticalHuggingPriority="251" image="LaunchScreen.AspectFill" translatesAutoresizingMaskIntoConstraints="NO" id="wtH-rr-YfP">
                                <rect key="frame" x="0.0" y="0.0" width="600" height="600"/>
                            </imageView>
                            <imageView userInteractionEnabled="NO" contentMode="center" horizontalHuggingPriority="251" verticalHuggingPriority="251" image="LaunchScreen.Center" translatesAutoresizingMaskIntoConstraints="NO" id="s1z-aa-wYv">
                                <rect key="frame" x="0.0" y="0.0" width="600" height="600"/>
                            </imageView>
                        </subviews>
                        <color key="backgroundColor" white="1" alpha="1" colorSpace="custom" customColorSpace="calibratedWhite"/>
                        <constraints>
                            <constraint firstItem="xb3-aO-Qok" firstAttribute="top" secondItem="wtH-rr-YfP" secondAttribute="bottom" id="5FO-pR-qKb"/>
                            <constraint firstItem="wtH-rr-YfP" firstAttribute="top" secondItem="Ze5-6b-2t3" secondAttribute="top" id="Awn-b8-xf1"/>
                            <constraint firstItem="s1z-aa-wYv" firstAttribute="top" secondItem="Ze5-6b-2t3" secondAttribute="top" id="CiP-yX-1sg"/>
                            <constraint firstAttribute="trailing" secondItem="wtH-rr-YfP" secondAttribute="trailing" id="RXg-rW-UK8"/>
                            <constraint firstItem="s1z-aa-wYv" firstAttribute="leading" secondItem="Ze5-6b-2t3" secondAttribute="leading" id="agC-wa-3bd"/>
                            <constraint firstItem="wtH-rr-YfP" firstAttribute="leading" secondItem="Ze5-6b-2t3" secondAttribute="leading" id="cch-8E-tYu"/>
                            <constraint firstItem="xb3-aO-Qok" firstAttribute="top" secondItem="s1z-aa-wYv" secondAttribute="bottom" id="fNc-Ro-KaG"/>
                            <constraint firstAttribute="trailing" secondItem="s1z-aa-wYv" secondAttribute="trailing" id="qoI-OC-Zk7"/>
                        </constraints>
                    </view>
                </viewController>
                <placeholder placeholderIdentifier="IBFirstResponder" id="iYj-Kq-Ea1" userLabel="First Responder" sceneMemberID="firstResponder"/>
            </objects>
            <point key="canvasLocation" x="510" y="238"/>
        </scene>
    </scenes>
    <resources>
        <image name="LaunchScreen.AspectFill" width="768" height="1024"/>
        <image name="LaunchScreen.Center" width="40" height="40"/>
    </resources>
</document>
